<ImportExportXml version="9.2.25051.166" SolutionPackageVersion="9.2" languagecode="1033" generatedBy="CrmLive" xmlns:xsi="http://www.w3.org/2001/XMLSchema-instance" OrganizationVersion="9.2.25051.166" OrganizationSchemaType="Standard" CRMServerServiceabilityVersion="9.2.25052.00180">
  <SolutionManifest>
    <UniqueName>EventManagementSolution</UniqueName>
    <LocalizedNames>
      <LocalizedName description="Event Management Solution" languagecode="1033" />
    </LocalizedNames>
    <Descriptions />
    <Version>1.0.0.1</Version>
    <Managed>0</Managed>
    <Publisher>
      <UniqueName>RoseBiacolo</UniqueName>
      <LocalizedNames>
        <LocalizedName description="Rose Biacolo" languagecode="1033" />
      </LocalizedNames>
      <Descriptions />
      <EMailAddress>rosemarie.biacolo@forwardgen.ca</EMailAddress>
      <SupportingWebsiteUrl>https://rosebiacolo.com/</SupportingWebsiteUrl>
      <CustomizationPrefix>rb</CustomizationPrefix>
      <CustomizationOptionValuePrefix>12608</CustomizationOptionValuePrefix>
      <Addresses>
        <Address>
          <AddressNumber>1</AddressNumber>
          <AddressTypeCode>1</AddressTypeCode>
          <City xsi:nil="true"></City>
          <County xsi:nil="true"></County>
          <Country>Canada</Country>
          <Fax xsi:nil="true"></Fax>
          <FreightTermsCode xsi:nil="true"></FreightTermsCode>
          <ImportSequenceNumber xsi:nil="true"></ImportSequenceNumber>
          <Latitude xsi:nil="true"></Latitude>
          <Line1 xsi:nil="true"></Line1>
          <Line2 xsi:nil="true"></Line2>
          <Line3 xsi:nil="true"></Line3>
          <Longitude xsi:nil="true"></Longitude>
          <Name xsi:nil="true"></Name>
          <PostalCode xsi:nil="true"></PostalCode>
          <PostOfficeBox xsi:nil="true"></PostOfficeBox>
          <PrimaryContactName xsi:nil="true"></PrimaryContactName>
          <ShippingMethodCode>1</ShippingMethodCode>
          <StateOrProvince xsi:nil="true"></StateOrProvince>
          <Telephone1>437-989-3295</Telephone1>
          <Telephone2 xsi:nil="true"></Telephone2>
          <Telephone3 xsi:nil="true"></Telephone3>
          <TimeZoneRuleVersionNumber xsi:nil="true"></TimeZoneRuleVersionNumber>
          <UPSZone xsi:nil="true"></UPSZone>
          <UTCOffset xsi:nil="true"></UTCOffset>
          <UTCConversionTimeZoneCode xsi:nil="true"></UTCConversionTimeZoneCode>
        </Address>
        <Address>
          <AddressNumber>2</AddressNumber>
          <AddressTypeCode>1</AddressTypeCode>
          <City xsi:nil="true"></City>
          <County xsi:nil="true"></County>
          <Country xsi:nil="true"></Country>
          <Fax xsi:nil="true"></Fax>
          <FreightTermsCode xsi:nil="true"></FreightTermsCode>
          <ImportSequenceNumber xsi:nil="true"></ImportSequenceNumber>
          <Latitude xsi:nil="true"></Latitude>
          <Line1 xsi:nil="true"></Line1>
          <Line2 xsi:nil="true"></Line2>
          <Line3 xsi:nil="true"></Line3>
          <Longitude xsi:nil="true"></Longitude>
          <Name xsi:nil="true"></Name>
          <PostalCode xsi:nil="true"></PostalCode>
          <PostOfficeBox xsi:nil="true"></PostOfficeBox>
          <PrimaryContactName xsi:nil="true"></PrimaryContactName>
          <ShippingMethodCode>1</ShippingMethodCode>
          <StateOrProvince xsi:nil="true"></StateOrProvince>
          <Telephone1 xsi:nil="true"></Telephone1>
          <Telephone2 xsi:nil="true"></Telephone2>
          <Telephone3 xsi:nil="true"></Telephone3>
          <TimeZoneRuleVersionNumber xsi:nil="true"></TimeZoneRuleVersionNumber>
          <UPSZone xsi:nil="true"></UPSZone>
          <UTCOffset xsi:nil="true"></UTCOffset>
          <UTCConversionTimeZoneCode xsi:nil="true"></UTCConversionTimeZoneCode>
        </Address>
      </Addresses>
    </Publisher>
    <RootComponents>
      <RootComponent type="1" schemaName="rb_event" behavior="0" />
      <RootComponent type="1" schemaName="rb_eventplanningprocess" behavior="0" />
      <RootComponent type="1" schemaName="rb_registration" behavior="0" />
      <RootComponent type="29" id="{efa72f92-d038-f011-b4cc-6045bdf99cfe}" behavior="0" />
      <RootComponent type="62" schemaName="rb_EventManagementApp" behavior="0" />
      <RootComponent type="80" schemaName="rb_EventManagementApp" behavior="0" />
    </RootComponents>
    <MissingDependencies>
      <MissingDependency>
        <Required type="61" schemaName="DataManagement.svg" displayName="DataManagement.svg" solution="PowerPlatformEnvironmentSettings (1.1.1.1254)">
          <package appName="PowerPlatformEnvironmentSettingsApp" version="1.1.1.1254">PowerPlatformEnvironmentSettingsApp_Anchor (1.1.1.1254)</package>
        </Required>
        <Dependent type="62" schemaName="rb_EventManagementApp" />
      </MissingDependency>
      <MissingDependency>
        <Required type="61" schemaName="msdyn_/Images/AppModule_Default_Icon.png" displayName="msdyn_/Images/AppModule_Default_Icon.png" solution="AppModuleWebResources (2.5)" />
        <Dependent type="80" schemaName="rb_EventManagementApp" displayName="Event Management App" />
      </MissingDependency>
      <MissingDependency>
        <Required type="61" schemaName="msfp_surveyInvite_16" displayName="msfp_surveyInvite_16" solution="MicrosoftFormsPro (2.0.0.58)">
          <package appName="Forms Pro" version="2.0.0.58">MicrosoftFormsPro (2.0.0.58)</package>
        </Required>
        <Dependent type="62" schemaName="rb_EventManagementApp" />
      </MissingDependency>
      <MissingDependency>
        <Required type="SettingDefinition" displayName="AppChannel" solution="msdyn_AppFrameworkInfraExtensions (1.0.0.14)" id.uniquename="AppChannel">
          <package appName="PowerAppsAppFramework Package" version="1.0.0.19">PowerAppsAppFramework_Anchor (1.0.0.19)</package>
        </Required>
        <Dependent type="AppSetting" displayName="parentappmoduleid.uniquename=rb_EventManagementApp,settingdefinitionid.uniquename=AppChannel" id.parentappmoduleid.uniquename="rb_EventManagementApp" id.settingdefinitionid.uniquename="AppChannel" />
      </MissingDependency>
    </MissingDependencies>
  </SolutionManifest>
</ImportExportXml>